"respID";"age";"female";"edu_low";"edu_high";"employment";"region";"relig";"living";"ineqtreat";"guess_recode";"incdiff";"aidUK";"aidUS"
1;25;1;0;1;"Own my own company";"nairobi";4;2;1;0,6;4;2;2
2;26;1;0;1;"Other/Unemployed";"western";2;3;1;6;2;1;1
3;25;1;0;1;"Other/Unemployed";"central";4;2;1;10;4;4;5
4;NA;NA;NA;NA;NA;NA;4;1;1;0,5;4;4;4
5;30;0;0;1;"Other/Unemployed";"riftvalley";4;2;1;1;5;2;2
6;26;1;0;1;"Student";"nyanza";3;3;1;10;4;4;2
7;NA;NA;NA;NA;NA;NA;4;1;1;3;1;2;4
8;25;0;0;1;"Other/Unemployed";"riftvalley";3;1;1;2;4;4;3
9;35;0;0;1;"Skilled worker";"eastern";2;2;1;1;4;1;1
10;27;0;0;1;"Student";"western";4;3;1;1;1;2;2
11;23;1;0;1;"Student";"eastern";4;1;1;1000;4;4;3
12;NA;NA;NA;NA;NA;NA;4;1;1;3;1;5;5
13;25;1;0;0;"Student";"riftvalley";4;1;1;10;4;5;5
14;NA;NA;NA;NA;NA;NA;4;2;1;0,4;4;1;1
15;31;1;0;0;"Farm owner";"eastern";4;3;1;3;4;2;2
16;NA;NA;NA;NA;NA;NA;4;3;1;1;2;1;4
17;25;0;0;1;"Student";"coast";1;NA;1;0,9;1;1;1
18;25;0;0;1;"Student";"riftvalley";2;2;1;6;1;1;2
19;27;0;0;1;"-";"riftvalley";4;4;1;10;2;2;2
20;29;0;0;1;"Own Business";"eastern";2;1;1;10;5;1;1
21;28;1;0;0;"Other/Unemployed";"riftvalley";4;2;1;100;4;4;4
22;29;0;0;0;"Own my own company";"riftvalley";2;2;1;5;4;3;2
23;24;1;0;0;"Student";"eastern";4;2;1;1;5;4;3
24;28;1;0;1;"Skilled worker";"riftvalley";4;2;1;15;4;1;1
25;37;0;0;1;"Other/Unemployed";"riftvalley";4;NA;1;50;2;1;2
26;NA;NA;NA;NA;NA;NA;5;5;1;1;2;1;1
27;NA;NA;NA;NA;NA;NA;3;2;1;3;3;1;1
28;NA;NA;NA;NA;NA;NA;4;4;1;5;2;2;1
29;32;0;0;1;"Non-skilled worker";"nairobi";4;NA;1;2;4;3;3
30;22;1;0;0;"Student";"central";2;2;1;NA;3;4;5
31;29;0;0;0;"Student";"riftvalley";2;2;1;0,8;4;1;2
32;23;0;0;1;"Student";"riftvalley";4;2;1;3;1;1;2
33;26;0;1;0;"Student";"eastern";4;4;1;5;1;2;2
34;27;0;0;1;"Student";"eastern";4;1;1;100;3;1;3
35;27;1;0;1;"Student";"western";4;2;1;20;2;2;2
36;31;1;0;1;"Other/Unemployed";"nairobi";2;1;1;10;1;1;1
37;NA;NA;NA;NA;NA;NA;4;5;1;19;1;1;2
38;30;0;0;1;"Skilled worker";"eastern";2;2;1;50;1;4;4
39;31;1;0;0;"Other/Unemployed";"nyanza";4;2;1;9;4;5;5
40;23;1;0;0;"Skilled worker";"riftvalley";4;2;1;2;4;1;1
41;24;1;0;1;"Student";"eastern";4;2;1;10;1;4;5
42;22;0;0;1;"Own my own company";"eastern";2;1;1;10;1;1;1
43;27;1;0;1;"Other/Unemployed";"eastern";4;3;1;4;2;1;1
44;24;0;0;1;"Student";"riftvalley";4;2;1;2;1;5;4
45;NA;NA;NA;NA;NA;NA;4;2;1;NA;4;4;4
46;NA;NA;NA;NA;NA;NA;4;2;1;50;4;2;2
47;29;0;0;1;"Skilled worker";"nyanza";2;3;1;0,6;5;2;2
48;NA;NA;NA;NA;NA;NA;4;2;1;1;4;4;4
49;31;0;0;1;"Student";"central";2;1;1;4;2;2;4
50;32;0;0;1;"Student";"riftvalley";4;2;1;4;4;2;2
51;NA;NA;NA;NA;NA;NA;4;1;1;2;2;4;4
52;26;1;0;1;"Student";"riftvalley";5;2;1;NA;1;4;1
53;27;1;0;1;"Student";"nairobi";2;3;1;3;1;4;2
54;29;0;0;1;"Other/Unemployed";"riftvalley";2;2;1;0,7;4;4;4
55;25;1;0;0;"Student";"riftvalley";4;2;1;NA;2;2;2
56;25;1;0;1;"Student";"riftvalley";2;3;1;50;2;2;1
57;NA;NA;NA;NA;NA;NA;4;2;1;10;5;4;4
58;25;0;0;1;"Student";"western";4;2;1;NA;1;5;4
59;31;0;0;1;"-";"western";5;2;1;4;3;1;1
60;NA;NA;NA;NA;NA;NA;1;4;1;3;5;1;1
61;28;0;0;1;"Other/Unemployed";"western";3;3;1;10;5;5;5
62;33;0;0;1;"Other/Unemployed";"western";2;1;1;10;5;5;1
63;26;1;0;1;"Student";"riftvalley";4;1;1;4;4;2;2
64;26;0;0;0;"Student";"nyanza";2;3;1;NA;3;1;1
65;30;0;0;1;"-";"eastern";2;1;1;10;1;5;5
66;26;0;0;1;"Student";"riftvalley";4;2;1;3;1;3;3
67;NA;NA;NA;NA;NA;NA;4;2;1;8;3;2;2
68;NA;NA;NA;NA;NA;NA;4;3;1;3;5;5;4
69;NA;NA;NA;NA;NA;NA;3;3;1;0,7;4;1;1
70;33;1;0;0;"Other/Unemployed";"eastern";5;4;1;4;4;4;4
71;23;1;0;1;"Student";"riftvalley";4;2;1;NA;4;5;5
72;26;0;0;1;"Student";"western";3;3;1;6;2;1;1
73;26;0;0;0;"Student";"riftvalley";4;1;1;0,8;5;1;1
74;28;1;1;0;"Other/Unemployed";"western";4;NA;1;50;3;1;1
75;29;0;0;1;"Other/Unemployed";"western";4;3;1;5;4;2;2
76;28;1;0;1;"Student";"western";4;3;1;2;1;4;4
77;34;NA;0;0;"Student";"Nairobi";2;4;1;1000;1;1;1
78;NA;NA;NA;NA;NA;NA;4;4;1;4;4;3;3
79;24;0;0;0;"Student";"western";1;3;1;1;5;1;1
80;31;0;0;1;"Farm owner";"nyanza";NA;1;1;4;4;4;4
81;31;1;0;1;"Other/Unemployed";"Coast";4;2;1;100;5;2;2
82;NA;NA;NA;NA;NA;NA;2;3;1;0,5;4;1;1
83;24;0;0;1;"Student";"riftvalley";3;NA;1;8;4;1;1
84;29;1;0;1;"Student";"riftvalley";1;2;1;10;4;3;3
85;25;0;0;1;"Student";"riftvalley";2;3;1;2;1;1;1
86;NA;NA;NA;NA;NA;NA;3;1;1;0,2;2;1;1
87;26;1;0;1;"Other/Unemployed";"central";4;2;1;3;4;4;2
88;NA;NA;NA;NA;NA;NA;2;2;1;4;2;4;4
89;NA;NA;NA;NA;NA;NA;2;2;1;NA;2;4;4
90;NA;NA;NA;NA;NA;NA;4;2;1;5;1;2;2
91;32;1;0;1;"Skilled worker";"nairobi";4;2;1;10;5;4;4
92;25;0;0;1;"Other/Unemployed";"riftvalley";4;2;1;5;5;1;1
93;27;1;0;1;"Other/Unemployed";"western";5;3;1;3;1;1;2
94;24;0;0;0;"Other/Unemployed";"eastern";1;NA;1;5;4;4;2
95;NA;NA;NA;NA;NA;NA;4;3;1;3;1;4;5
96;28;1;0;1;"Other/Unemployed";"nyanza";4;5;1;5;1;1;2
97;NA;NA;NA;NA;NA;NA;3;1;1;2;2;2;2
98;23;0;0;1;"Other/Unemployed";"nyanza";3;2;1;70;4;4;4
99;22;1;0;0;"Student";"nyanza";4;3;1;NA;3;1;1
100;NA;NA;NA;NA;NA;NA;4;3;1;4;4;3;3
101;24;0;0;1;"Other/Unemployed";"riftvalley";4;2;1;1000;2;2;2
102;NA;NA;NA;NA;NA;NA;4;3;1;10;3;2;2
103;NA;NA;NA;NA;NA;NA;2;1;1;NA;5;2;2
104;27;1;0;1;"Student";"riftvalley";4;3;1;100;4;4;4
105;NA;NA;NA;NA;NA;NA;4;2;1;5;4;5;5
106;NA;NA;NA;NA;NA;NA;2;1;1;4;4;2;2
107;NA;NA;NA;NA;NA;NA;4;1;1;10;2;3;1
108;29;0;0;1;"Student";"nyanza";4;1;1;9;2;4;4
109;NA;NA;NA;NA;NA;NA;3;3;1;1;5;1;1
110;30;1;0;0;"Street / Market Seller";"nairobi";5;2;1;10;5;5;5
111;30;0;0;1;"Other/Unemployed";"nairobi";4;1;1;3;4;4;5
112;23;1;0;1;"Student";"eastern";5;1;1;9;2;2;2
113;26;1;0;0;"Other/Unemployed";"riftvalley";4;1;1;10;4;4;4
114;NA;NA;NA;NA;NA;NA;4;2;1;0,5;4;4;1
115;NA;NA;NA;NA;NA;NA;4;2;1;12;5;1;1
116;22;0;0;1;"Student";"riftvalley";4;1;1;100;4;4;4
117;29;0;1;0;"Other/Unemployed";"nyanza";4;4;1;2;4;4;4
118;24;NA;0;0;"Student";"central";4;1;1;2;3;3;3
119;NA;NA;NA;NA;NA;NA;4;1;1;5;4;5;5
120;32;0;0;1;"Street / Market Seller";"nairobi";3;1;1;2;4;4;4
121;26;0;0;1;"Student";"western";4;2;1;5;4;4;5
122;25;NA;0;0;"Student";"central";4;3;1;3;4;1;4
123;28;0;0;1;"Other/Unemployed";"nyanza";4;1;1;10;2;1;2
124;40;1;0;1;"Other/Unemployed";"western";2;2;1;10;3;1;1
125;26;0;0;1;"Other/Unemployed";"riftvalley";4;1;1;4;2;4;4
126;26;1;0;1;"Other/Unemployed";"nairobi";4;3;1;0,5;5;1;1
127;NA;NA;NA;NA;NA;NA;2;2;1;1;4;2;2
128;26;1;0;1;"Student";"nairobi";3;1;1;10;4;1;1
129;26;0;0;1;"Street / Market Seller";"western";4;5;1;65;4;4;4
130;26;0;0;0;"Student";"western";2;2;1;0,8;3;4;4
131;22;0;0;1;"Other/Unemployed";"northeastern";5;2;1;20;4;2;2
132;NA;NA;NA;NA;NA;NA;5;1;1;0,15;4;4;1
133;NA;NA;NA;NA;NA;NA;4;3;1;10;4;4;4
134;26;1;0;1;"Other/Unemployed";"nairobi";2;3;1;0;4;1;2
135;29;NA;0;1;"Student";"coast";1;3;1;10;1;2;2
136;23;1;0;1;"Student";"nairobi";4;2;1;NA;4;4;4
137;26;0;0;1;"-";"nyanza";1;1;1;3;1;5;5
138;46;1;0;0;"Farm owner";"riftvalley";4;2;1;2;4;4;2
139;23;1;0;1;"Student";"riftvalley";4;3;1;0,8;5;1;1
140;26;0;0;1;"Other/Unemployed";"nyanza";4;3;1;7;1;1;1
141;25;0;0;1;"Student";"central";3;2;1;10;1;3;3
142;38;1;0;0;"Street / Market Seller";"riftvalley";1;1;1;5;1;2;1
143;26;0;0;1;"Farm owner";"riftvalley";4;3;1;4;2;2;2
144;NA;NA;NA;NA;NA;NA;2;1;1;500;2;4;4
145;NA;NA;NA;NA;NA;NA;4;3;1;3;4;1;1
146;NA;NA;NA;NA;NA;NA;2;4;1;NA;1;1;1
147;27;1;0;1;"Student";"riftvalley";4;2;1;5;2;1;1
148;26;0;0;1;"Student";"riftvalley";4;2;1;3;4;4;3
149;30;1;0;1;"Street / Market Seller";"nairobi";3;2;1;3;4;4;4
150;24;0;0;1;"Student";"riftvalley";4;2;1;100;1;4;4
151;NA;NA;NA;NA;NA;NA;2;2;1;NA;4;4;5
152;23;1;0;1;"Student";"nyanza";4;5;1;5;1;2;2
153;NA;NA;NA;NA;NA;NA;NA;NA;1;3;2;2;2
154;27;0;0;0;"Student";"riftvalley";3;1;1;10;5;4;4
155;NA;NA;NA;NA;NA;NA;4;3;1;5;4;5;4
156;27;NA;0;1;"Other/Unemployed";"central";4;3;1;10;2;2;2
157;NA;NA;NA;NA;NA;NA;2;2;1;3;2;4;4
158;26;0;1;0;"Street or Market Seller";"nyanza";4;1;1;10;1;2;3
159;NA;NA;NA;NA;NA;NA;NA;NA;1;10500;1;1;1
160;32;0;0;1;"Street or Market Seller";"nairobi";4;3;1;8;1;1;1
161;26;0;0;1;"Student";"riftvalley";4;1;1;1;1;2;2
162;21;0;0;1;"Non- skilled worker";"riftvalley";1;NA;1;4;4;1;1
163;NA;NA;NA;NA;NA;NA;4;2;1;1;4;4;4
164;NA;NA;NA;NA;NA;NA;5;1;1;NA;5;4;5
165;24;1;0;0;"Student";"riftvalley";4;1;1;3;4;2;3
166;NA;NA;NA;NA;NA;NA;3;2;1;10;1;5;4
167;NA;NA;NA;NA;NA;NA;3;NA;1;2;2;4;4
168;25;0;0;0;"Other/Unemployed";"riftvalley";4;1;1;197;2;4;4
169;25;0;0;0;"Student";"riftvalley";4;1;1;NA;2;4;4
170;NA;NA;NA;NA;NA;NA;4;1;1;10;4;4;4
171;47;NA;0;1;"-";"eastern";4;4;1;50;1;1;1
172;NA;NA;NA;NA;NA;NA;4;NA;1;50;1;1;1
173;NA;NA;NA;NA;NA;NA;4;2;1;0,9;2;4;2
174;NA;NA;NA;NA;NA;NA;3;2;1;50000;2;3;2
175;NA;NA;NA;NA;NA;NA;2;2;1;0,7;4;1;1
176;NA;NA;NA;NA;NA;NA;4;3;1;50;4;3;4
177;31;0;1;0;"Farm owner";"riftvalley";2;4;1;5;1;1;1
178;26;1;0;1;"Other/Unemployed";"eastern";5;2;1;5;1;2;2
179;22;NA;0;0;"Student";"eastern";4;1;1;NA;5;4;4
180;26;0;0;1;"Student";"riftvalley";2;3;1;3;1;4;3
181;NA;NA;NA;NA;NA;NA;4;2;1;10;2;2;2
182;NA;NA;NA;NA;NA;NA;3;1;1;10;1;5;5
183;37;0;0;1;"Other/Unemployed";"eastern";3;2;1;3;5;5;1
184;27;0;0;1;"Student";"riftvalley";4;1;1;10;4;4;4
185;27;0;0;1;"Non-skilled worker";"nairobi";4;2;1;70000;2;1;1
186;31;1;0;1;"Other/Unemployed";"western";4;1;1;10;1;1;1
187;NA;NA;NA;NA;NA;NA;4;3;1;5;2;2;1
188;NA;NA;NA;NA;NA;NA;4;2;1;NA;2;1;1
189;NA;NA;NA;NA;NA;NA;4;1;1;10;4;1;1
190;NA;NA;NA;NA;NA;NA;2;3;1;1300;1;4;3
191;29;1;0;1;"Student";"riftvalley";4;1;1;3;4;4;4
192;NA;NA;NA;NA;NA;NA;2;2;1;4;4;2;2
193;24;1;0;1;"Other/Unemployed";"nairobi";4;2;1;5;2;1;1
194;NA;NA;NA;NA;NA;NA;4;2;1;10;4;4;4
195;23;0;0;1;"Student";"nairobi";2;2;1;NA;1;1;1
196;NA;NA;NA;NA;NA;NA;4;NA;1;3;4;2;2
197;NA;NA;NA;NA;NA;NA;4;1;1;3;5;2;2
198;NA;NA;NA;NA;NA;NA;2;2;1;10;5;1;1
199;NA;NA;NA;NA;NA;NA;4;2;1;7;4;5;5
200;34;0;0;1;"Skilled worker";"Rift-valley";4;1;1;11;2;4;3
201;23;0;0;1;"Student";"Rift-valley";2;NA;1;6;1;1;1
202;NA;NA;NA;NA;NA;NA;4;2;1;10;4;5;5
203;25;1;1;0;"Student";"Central";3;3;1;30;4;1;1
204;NA;NA;NA;NA;NA;NA;4;3;1;NA;3;2;4
205;NA;NA;NA;NA;NA;NA;4;2;1;NA;2;5;5
206;25;1;0;1;"Student";"Coast";2;NA;1;10;3;2;2
207;28;0;0;1;"Student";"Rift-valley";4;1;1;10;4;4;4
208;NA;NA;NA;NA;NA;NA;5;2;1;NA;4;4;1
209;24;1;0;1;"-";"Rift-valley";4;1;1;50;2;2;2
210;45;0;0;1;"Other/Unemployed";"Central";4;2;1;NA;4;4;4
211;NA;NA;NA;NA;NA;NA;3;3;1;4;1;1;1
212;25;0;0;1;"-";"Nairobi";4;2;1;10;4;3;3
213;27;0;0;1;"Student";"Central";4;2;1;0,3;1;4;4
214;25;0;0;1;"Student";"Nairobi";5;1;1;100;5;4;5
215;NA;NA;NA;NA;NA;NA;4;3;1;10;5;3;3
216;27;0;1;0;"Street/ market seller";"Rift-valley";2;3;1;1;5;5;3
217;25;0;0;1;"Other/Unemployed";"Nairobi";2;2;1;3;5;4;4
218;23;0;0;1;"Skilled worker";"Central";4;2;1;2;1;4;4
219;28;1;0;1;"-";"Nyanza";4;2;1;NA;5;2;2
220;37;0;0;1;"Other/Unemployed";"Central";1;3;1;4;5;1;1
221;23;1;0;1;"Student";"Eastern";4;3;1;0,7;4;2;1
222;27;0;0;1;"Student";"Eastern";4;1;1;5;1;2;3
223;25;0;0;1;"Other/Unemployed";"Central";2;1;1;10;4;4;5
224;39;0;0;1;"Farm owner";"Eastern";4;4;1;70;5;5;3
225;26;1;0;1;"Other/Unemployed";"Rift-valley";4;1;1;100;2;4;4
226;NA;NA;NA;NA;NA;NA;4;2;1;20;2;2;2
227;NA;NA;NA;NA;NA;NA;3;2;1;2;1;2;2
228;NA;NA;NA;NA;NA;NA;4;2;1;0,98;4;2;2
229;NA;NA;NA;NA;NA;NA;2;NA;1;10;2;1;1
230;NA;NA;NA;NA;NA;NA;4;2;1;0,9;4;5;5
231;NA;NA;NA;NA;NA;NA;2;3;1;4;4;4;4
232;NA;NA;NA;NA;NA;NA;4;1;1;3;5;2;2
233;26;1;1;0;"Student";"-";3;2;1;NA;3;2;2
234;24;1;0;1;"Student";"Eastern";4;NA;1;8,5;1;3;1
235;23;1;0;1;"Other/Unemployed";"-";4;2;1;NA;4;2;2
236;28;1;0;1;"Student";"Nairobi";4;3;1;0,8;2;1;1
237;25;0;0;1;"-";"Nairobi";3;4;1;10;2;4;4
238;28;1;0;1;"Other/Unemployed";"riftvalley";4;3;0;3;1;1;2
239;30;0;0;1;"Skilled worker";"riftvalley";2;2;0;3;5;1;1
240;22;1;0;1;"Student";"western";4;2;0;10;2;4;4
241;28;1;0;1;"Skilled worker";"riftvalley";4;3;0;NA;1;1;1
242;NA;NA;NA;NA;NA;NA;2;2;0;10;1;1;4
243;28;0;0;0;"Street/ market seller";"Coast";4;2;0;9;1;3;5
244;NA;NA;NA;NA;NA;NA;1;1;0;NA;4;2;2
245;25;1;0;1;"Student";"nairobi";1;3;0;0,5;3;5;5
246;24;1;0;1;"-";"nyanza";4;1;0;NA;1;4;4
247;NA;NA;NA;NA;NA;NA;4;1;0;5;1;2;2
248;30;0;0;1;"Skilled worker";"nyanza";3;2;0;3;3;2;3
249;24;0;0;1;"Student";"nyanza";4;3;0;100;2;4;5
250;NA;NA;NA;NA;NA;NA;1;2;0;80;3;1;1
251;34;0;0;1;"Student";"western";4;1;0;NA;2;4;4
252;21;1;0;1;"Other/Unemployed";"western";3;1;0;2;2;1;1
253;NA;NA;NA;NA;NA;NA;4;3;0;3;5;1;1
254;NA;NA;NA;NA;NA;NA;4;1;0;3;3;4;2
255;NA;NA;NA;NA;NA;NA;4;1;0;2;4;1;1
256;33;0;1;0;"Own Business";"Coast";1;1;0;3;2;2;5
257;NA;NA;NA;NA;NA;NA;4;NA;0;7;4;4;4
258;28;0;0;1;"Other/Unemployed";"riftvalley";4;1;0;100;3;1;2
259;23;0;0;1;"Skilled worker";"central";4;3;0;4;2;3;3
260;NA;NA;NA;NA;NA;NA;3;2;0;10;4;2;2
261;28;0;0;1;"Own my own company";"riftvalley";3;1;0;50;1;4;4
262;NA;NA;NA;NA;NA;NA;4;2;0;0,15;2;5;4
263;NA;NA;NA;NA;NA;NA;2;3;0;5;4;1;2
264;NA;NA;NA;NA;NA;NA;2;3;0;NA;3;3;3
265;22;1;0;1;"Student";"eastern";4;1;0;10;2;4;4
266;NA;NA;NA;NA;NA;NA;1;3;0;20;2;2;3
267;NA;NA;NA;NA;NA;NA;4;4;0;1,5;4;1;1
268;24;1;0;1;"Student";"riftvalley";1;2;0;2;4;1;4
269;NA;NA;NA;NA;NA;NA;4;2;0;50;5;4;4
270;34;0;0;1;"Other/Unemployed";"riftvalley";3;2;0;10;4;4;3
271;34;1;1;0;"Other/Unemployed";"western";4;5;0;NA;3;4;4
272;NA;NA;NA;NA;NA;NA;4;4;0;NA;3;4;2
273;30;0;0;1;"Farm owner";"riftvalley";4;5;0;10;1;1;1
274;26;0;0;1;"Other/Unemployed";"nairobi";4;1;0;3;1;1;1
275;NA;NA;NA;NA;NA;NA;5;2;0;3;2;1;1
276;30;0;0;1;"Other/Unemployed";"riftvalley";4;2;0;3;3;4;4
277;28;1;0;1;"-";"eastern";4;2;0;10;2;5;5
278;NA;NA;NA;NA;NA;NA;2;3;0;7;5;4;4
279;NA;NA;NA;NA;NA;NA;2;2;0;3;3;3;3
280;NA;NA;NA;NA;NA;NA;3;3;0;0,5;4;4;4
281;25;1;0;1;"Student";"Nairobi";4;2;0;2;4;2;2
282;29;0;1;0;"Other/Unemployed";"riftvalley";4;2;0;1;3;5;2
283;NA;NA;NA;NA;NA;NA;4;2;0;5;1;2;1
284;NA;NA;NA;NA;NA;NA;4;2;0;100;1;1;1
285;28;0;0;1;"Farm owner";"western";4;1;0;10;1;5;5
286;27;0;0;1;"Street / Market Seller";"riftvalley";5;2;0;5;1;4;2
287;NA;NA;NA;NA;NA;NA;4;1;0;4;4;2;2
288;26;1;0;1;"Other/Unemployed";"nairobi";4;2;0;2;1;4;1
289;27;1;0;1;"Other/Unemployed";"riftvalley";4;1;0;3;1;3;2
290;24;0;0;1;"Student";"western";NA;NA;0;60;5;4;4
291;27;1;0;1;"Other/Unemployed";"nyanza";4;2;0;3;2;1;1
292;30;1;0;1;"Own Business";"central";2;2;0;100;2;3;2
293;30;0;0;1;"Other/Unemployed";"riftvalley";2;2;0;0,6;5;1;1
294;27;0;0;1;"Student";"riftvalley";4;3;0;3;4;5;4
295;27;1;0;1;"Other/Unemployed";"riftvalley";4;4;0;1;4;1;2
296;23;1;0;1;"Student";"nairobi";4;2;0;2;4;2;2
297;NA;NA;NA;NA;NA;NA;4;1;0;10;1;2;2
298;NA;NA;NA;NA;NA;NA;2;4;0;3;2;2;1
299;28;1;0;1;"Other/Unemployed";"riftvalley";4;1;0;0,6;3;3;1
300;NA;NA;NA;NA;NA;NA;4;3;0;1;4;3;5
301;NA;NA;NA;NA;NA;NA;2;2;0;100;4;4;2
302;24;0;0;0;"Own my own company";"western";4;1;0;50;1;5;5
303;31;0;0;1;"Student";"northeastern";2;2;0;2;2;3;3
304;25;1;0;1;"Student";"riftvalley";1;3;0;100;4;1;1
305;25;1;0;1;"Student";"nairobi";4;1;0;0,4;4;3;4
306;60;0;0;1;"Other/Unemployed";"riftvalley";4;2;0;4;2;4;4
307;26;1;0;1;"Farm owner";"eastern";2;2;0;0,8;2;3;3
308;NA;NA;NA;NA;NA;NA;4;5;0;5;4;5;5
309;32;0;0;1;"Student";"nyanza";4;1;0;0,5;3;4;4
310;25;1;1;0;"Other/Unemployed";"nyanza";2;5;0;100;3;1;1
311;NA;NA;NA;NA;NA;NA;4;1;0;10;5;5;5
312;26;0;0;1;"Other/Unemployed";"riftvalley";2;3;0;10;4;1;2
313;27;NA;0;1;"Other/Unemployed";"Nairobi";4;4;0;6;1;2;2
314;28;1;0;1;"Street / Market Seller";"riftvalley";1;2;0;3;4;5;5
315;34;0;0;0;"Farm owner";"riftvalley";4;2;0;NA;3;4;4
316;23;0;0;1;"Other/Unemployed";"riftvalley";2;2;0;0,99;4;4;4
317;25;1;1;0;"Student";"eastern";2;3;0;0,5;1;1;2
318;30;0;0;1;"Other/Unemployed";"riftvalley";4;2;0;50;4;4;4
319;25;1;0;1;"Other/Unemployed";"eastern";5;NA;0;0,75;4;4;3
320;37;1;0;1;"Non-skilled worker";"riftvalley";4;2;0;50;5;5;2
321;26;0;0;1;"Other/Unemployed";"coast";2;1;0;70;1;4;4
322;25;1;0;0;"Student";"central";3;NA;0;2;1;1;1
323;32;0;0;1;"Skilled worker";"nairobi";4;2;0;10;1;4;4
324;NA;NA;NA;NA;NA;NA;4;1;0;7;2;5;5
325;28;0;0;1;"Other/Unemployed";"riftvalley";4;1;0;10;1;1;1
326;36;1;0;1;"Other/Unemployed";"nyanza";4;2;0;NA;4;5;5
327;25;NA;0;1;"Other/Unemployed";"Nairobi";2;2;0;2;2;2;2
328;NA;NA;NA;NA;NA;NA;4;3;0;100;2;2;2
329;NA;NA;NA;NA;NA;NA;4;2;0;3;4;1;2
330;24;1;0;0;"Student";"nairobi";4;2;0;50;4;2;2
331;27;1;0;1;"Street/ market seller";"riftvalley";4;2;0;NA;4;2;2
332;22;1;0;1;"Student";"riftvalley";4;2;0;3;2;2;2
333;25;1;0;0;"Student";"riftvalley";4;2;0;5;4;4;5
334;NA;NA;NA;NA;NA;NA;4;1;0;NA;3;3;3
335;27;0;0;1;"Student";"western";NA;NA;0;100;5;2;2
336;NA;NA;NA;NA;NA;NA;4;1;0;5;2;4;5
337;23;0;0;1;"Student";"riftvalley";4;3;0;5;4;2;2
338;26;1;0;1;"Student";"riftvalley";4;1;0;10;5;5;5
339;NA;NA;NA;NA;NA;NA;4;4;0;NA;1;3;3
340;26;1;0;1;"Student";"riftvalley";4;1;0;15;4;4;1
341;26;0;0;1;"Skilled worker";"riftvalley";4;2;0;100;4;2;2
342;28;1;0;1;"Student";"nyanza";3;2;0;10;4;2;2
343;36;0;0;1;"Own my own company";"nyanza";4;2;0;10;1;3;3
344;NA;NA;NA;NA;NA;NA;5;1;0;NA;4;4;3
345;33;1;0;1;"Other/Unemployed";"riftvalley";4;3;0;4;1;1;1
346;23;0;0;1;"Street / Market Seller";"riftvalley";2;1;0;NA;4;5;5
347;NA;NA;NA;NA;NA;NA;4;2;0;1e+05;4;4;2
348;NA;NA;NA;NA;NA;NA;4;4;0;3;4;2;2
349;NA;NA;NA;NA;NA;NA;4;3;0;NA;4;2;4
350;NA;NA;NA;NA;NA;NA;1;3;0;10;2;2;2
351;22;1;0;0;"Student";"western";3;2;0;5;1;1;2
352;27;0;0;1;"Student";"nyanza";4;3;0;10;1;3;3
353;22;0;1;0;"Non-skilled worker";"riftvalley";2;3;0;2;5;5;4
354;29;0;0;1;"Other/Unemployed";"riftvalley";5;1;0;4;2;1;1
355;41;0;0;0;"Other/Unemployed";"riftvalley";4;5;0;NA;1;3;3
356;28;1;0;0;"Student";"western";2;3;0;4;4;4;4
357;NA;NA;NA;NA;NA;NA;4;2;0;9;3;1;1
358;23;1;0;1;"Student";"nyanza";2;2;0;NA;5;5;5
359;NA;NA;NA;NA;NA;NA;4;2;0;3;4;1;4
360;NA;NA;NA;NA;NA;NA;4;4;0;6;1;2;2
361;NA;NA;NA;NA;NA;NA;4;2;0;5;3;1;2
362;NA;NA;NA;NA;NA;NA;4;2;0;5;4;3;3
363;NA;NA;NA;NA;NA;NA;3;2;0;3;2;2;2
364;30;0;0;1;"Student";"eastern";3;2;0;3;4;2;2
365;NA;NA;NA;NA;NA;NA;1;2;0;3;3;2;2
366;22;1;0;1;"Student";"Nairobi";2;NA;0;10;5;5;5
367;38;0;0;1;"Non-skilled worker";"nyanza";2;2;0;100;5;5;5
368;25;0;0;1;"Student";"riftvalley";4;1;0;10;5;2;2
369;NA;NA;NA;NA;NA;NA;4;2;0;8;1;1;1
370;NA;NA;NA;NA;NA;NA;4;2;0;6;1;1;1
371;28;0;0;1;"Other/Unemployed";"riftvalley";4;1;0;2;4;1;2
372;25;1;0;1;"Student";"nairobi";1;NA;0;10;4;1;1
373;NA;NA;NA;NA;NA;NA;4;1;0;0,75;4;4;4
374;NA;NA;NA;NA;NA;NA;4;3;0;4;4;1;4
375;NA;NA;NA;NA;NA;NA;4;1;0;4,5;4;1;5
376;26;0;0;1;"Student";"western";5;2;0;0,25;3;1;2
377;23;0;0;1;"Other/Unemployed";"nairobi";2;1;0;3;3;1;1
378;26;0;0;1;"Other/Unemployed";"western";4;1;0;NA;4;5;5
379;25;1;0;1;"Student";"nyanza";2;1;0;2;3;2;1
380;26;0;0;0;"Student";"central";4;1;0;5;4;1;2
381;28;1;0;1;"Skilled worker";"riftvalley";4;1;0;0,04;4;4;4
382;NA;NA;NA;NA;NA;NA;4;NA;0;4;4;4;4
383;28;1;0;1;"Skilled worker";"nairobi";4;1;0;4;3;5;5
384;27;0;0;1;"Skilled worker";"nyanza";4;3;0;5;4;4;4
385;NA;NA;NA;NA;NA;NA;4;2;0;5;4;2;5
386;NA;NA;NA;NA;NA;NA;2;1;0;5;4;4;4
387;27;0;0;1;"Other/Unemployed";"western";4;1;0;1000;5;4;4
388;24;1;0;1;"Student";"eastern";4;2;0;8;4;2;3
389;26;1;0;1;"Other/Unemployed";"riftvalley";4;1;0;NA;3;3;5
390;24;1;1;0;"Other/Unemployed";"nairobi";4;2;0;2;3;1;1
391;26;0;0;1;"Street or Market Seller";"western";4;4;0;5;3;2;3
392;32;0;0;1;"Street or Market Seller";"riftvalley";1;2;0;50;4;1;2
393;NA;NA;NA;NA;NA;NA;4;2;0;3;1;1;1
394;25;0;0;1;"Farm owner";"riftvalley";4;1;0;NA;2;2;2
395;24;1;0;1;"Student";"western";2;3;0;NA;2;4;4
396;NA;NA;NA;NA;NA;NA;1;1;0;0,9;5;5;5
397;29;0;1;0;"Other/Unemployed";"nyanza";4;2;0;0,6;4;4;4
398;NA;NA;NA;NA;NA;NA;4;3;0;100;1;1;1
399;NA;NA;NA;NA;NA;NA;4;2;0;6;1;1;2
400;28;0;0;1;"Student";"western";4;2;0;10;4;2;1
401;28;0;0;1;"Other/Unemployed";"nyanza";4;2;0;NA;1;1;1
402;36;0;0;1;"Own Business";"western";4;2;0;60;2;2;4
403;26;1;0;1;"Student";"nyanza";4;3;0;3;3;3;5
404;NA;NA;NA;NA;NA;NA;1;1;0;100;5;5;5
405;29;1;0;1;"Other/Unemployed";"riftvalley";2;2;0;0,75;4;5;4
406;28;0;0;1;"Student";"riftvalley";4;4;0;NA;5;5;2
407;24;0;0;1;"Other/Unemployed";"riftvalley";5;3;0;3;2;4;4
408;31;0;1;0;"Skilled worker";"central";2;4;0;40;4;1;3
409;NA;NA;NA;NA;NA;NA;4;1;0;3;2;2;4
410;NA;NA;NA;NA;NA;NA;2;2;0;5;4;4;3
411;28;0;0;1;"Other/Unemployed";"riftvalley";4;2;0;10;5;1;5
412;NA;NA;NA;NA;NA;NA;4;2;0;3;2;4;4
413;34;1;0;1;"Student";"eastern";4;1;0;NA;2;3;3
414;26;0;0;1;"Student";"riftvalley";4;4;0;100;1;1;1
415;26;1;0;1;"Student";"nairobi";4;NA;0;100;1;3;3
416;NA;NA;NA;NA;NA;NA;2;1;0;2,5;5;1;1
417;26;NA;0;1;"-";"Nairobi";4;2;0;10;5;1;5
418;28;NA;0;1;"Street/ market seller";"Coast";4;2;0;10;4;2;2
419;23;0;0;0;"Student";"nyanza";4;2;0;1;4;4;5
420;NA;NA;NA;NA;NA;NA;2;2;0;4;4;2;2
421;NA;NA;NA;NA;NA;NA;5;3;0;3;4;4;4
422;NA;NA;NA;NA;NA;NA;2;4;0;6;1;4;4
423;NA;NA;NA;NA;NA;NA;4;2;0;5;5;5;5
424;28;NA;0;1;"Other/Unemployed";"Nairobi";4;4;0;2;4;3;3
425;NA;NA;NA;NA;NA;NA;4;NA;0;1;3;3;3
426;25;NA;0;1;"Student";"central";2;2;0;NA;5;5;3
427;30;0;0;1;"Other/Unemployed";"riftvalley";4;3;0;5;2;3;3
428;30;1;0;1;"Own Business";"eastern";4;3;0;2;5;5;1
429;NA;NA;NA;NA;NA;NA;4;3;0;0,9;3;1;1
430;25;1;1;0;"Other/Unemployed";"western";4;2;0;NA;4;2;2
431;NA;NA;NA;NA;NA;NA;4;2;0;500;1;1;2
432;NA;NA;NA;NA;NA;NA;4;3;0;3;4;1;1
433;28;0;0;1;"Non-skilled worker";"nairobi";1;1;0;0,5;2;2;2
434;NA;NA;NA;NA;NA;NA;5;5;0;NA;3;3;3
435;NA;NA;NA;NA;NA;NA;4;3;0;2;4;2;1
436;NA;NA;NA;NA;NA;NA;4;2;0;1;2;3;3
437;NA;NA;NA;NA;NA;NA;2;3;0;3;4;4;4
438;22;1;0;1;"Student";"riftvalley";4;2;0;3;4;2;2
439;27;1;0;0;"Student";"eastern";4;3;0;NA;4;5;5
440;33;0;0;1;"Other/Unemployed";"riftvalley";2;4;0;10;4;3;4
441;NA;NA;NA;NA;NA;NA;4;2;0;1000;5;3;3
442;28;0;0;1;"Other/Unemployed";"central";4;1;0;3;2;4;4
443;26;0;0;1;"Student";"riftvalley";4;2;0;NA;4;1;1
444;34;0;0;1;"Skilled worker";"nairobi";2;1;0;3;1;2;2
445;25;0;0;1;"Student";"riftvalley";4;3;0;NA;4;4;4
446;NA;NA;NA;NA;NA;NA;4;2;0;100;1;1;1
447;30;0;0;1;"Other/Unemployed";"Nairobi";3;2;0;10;4;1;1
448;31;1;0;1;"Street / Market Seller";"nairobi";4;3;0;1;2;1;1
449;NA;NA;NA;NA;NA;NA;4;3;0;3;1;3;2
450;NA;NA;NA;NA;NA;NA;4;3;0;5;3;2;2
451;29;0;0;1;"Skilled worker";"riftvalley";4;2;0;3;2;4;4
452;26;0;0;1;"Student";"central";4;3;0;3;1;1;1
453;26;1;0;1;"Skilled worker";"eastern";1;NA;0;5;4;1;1
454;28;0;0;0;"Other/Unemployed";"riftvalley";4;1;0;NA;1;1;1
455;NA;NA;NA;NA;NA;NA;2;3;0;NA;3;3;3
456;NA;NA;NA;NA;NA;NA;1;1;0;5;3;1;1
457;32;0;0;1;"Student";"riftvalley";4;3;0;3;3;3;4
458;31;0;0;1;"Skilled worker";"nyanza";4;2;0;5;1;5;5
459;28;1;0;1;"Other/Unemployed";"nairobi";4;1;0;2;2;4;4
460;27;0;0;1;"Student";"riftvalley";4;2;0;10;4;4;4
461;29;1;0;1;"Street or Market Seller";"nairobi";2;1;0;10;5;5;5
462;27;0;0;1;"Student";"eastern";2;1;0;10;4;4;4
463;27;0;0;1;"Skilled worker";"central";2;2;0;10;4;2;2
464;NA;NA;NA;NA;NA;NA;2;1;0;5;2;2;2
465;NA;NA;NA;NA;NA;NA;4;3;0;25;3;3;3
466;29;0;0;1;"Other/Unemployed";"riftvalley";2;2;0;3;2;1;2
467;NA;NA;NA;NA;NA;NA;4;1;0;10;4;4;4
468;25;1;0;1;"Student";"eastern";2;3;0;10;2;2;2
469;28;1;0;1;"Street/ market seller";"central";4;3;0;10;1;4;4
470;27;1;0;1;"Other/Unemployed";"nyanza";2;2;0;3;5;5;4
471;NA;NA;NA;NA;NA;NA;4;2;0;10;2;5;5
472;25;0;0;1;"Other/Unemployed";"western";2;1;0;3;2;1;1
473;30;0;0;1;"Student";"nyanza";4;2;0;NA;4;4;4
474;NA;NA;NA;NA;NA;NA;5;1;0;NA;1;3;3
475;NA;NA;NA;NA;NA;NA;4;1;0;10;2;2;4
476;NA;NA;NA;NA;NA;NA;5;1;1;0,3;4;2;2
477;NA;NA;NA;NA;NA;NA;2;1;1;1;5;4;5
478;24;0;0;1;"Student";"Coast";4;NA;1;10;4;1;1
479;33;1;1;0;"Street or Market Seller";"western";4;1;1;NA;3;5;5
480;22;1;0;1;"Own Business";"western";4;2;1;3;4;3;3
481;NA;NA;NA;NA;NA;NA;1;1;1;3;5;5;4
482;NA;NA;NA;NA;NA;NA;4;3;1;10;1;2;2
483;25;1;0;1;"Student";"nairobi";4;2;1;10;2;2;2
484;24;0;0;0;"Student";"riftvalley";3;3;1;2;4;2;2
485;67;0;0;1;"Other/Unemployed";"riftvalley";4;1;1;2;1;1;2
486;NA;NA;NA;NA;NA;NA;4;3;1;5;4;4;4
487;NA;NA;NA;NA;NA;NA;4;4;1;3;2;3;3
488;24;0;0;0;"Student";"western";4;3;1;4;4;4;4
489;31;1;0;1;"Student";"nairobi";NA;NA;1;NA;2;4;2
490;29;0;0;1;"Skilled worker";"riftvalley";2;2;1;5;2;2;2
491;24;0;0;1;"Student";"Nairobi";2;2;1;10;4;1;1
492;26;0;0;1;"Student";"riftvalley";4;1;1;10;4;1;1
493;NA;NA;NA;NA;NA;NA;1;1;1;0,7;5;4;2
494;27;0;0;1;"Student";"riftvalley";4;4;1;5;1;2;2
495;NA;NA;NA;NA;NA;NA;1;1;1;5;1;4;4
496;25;1;0;1;"Street/ market seller";"eastern";4;3;1;3;1;4;4
497;24;0;0;1;"Student";"riftvalley";4;3;1;2;1;5;5
498;29;1;0;1;"Other/Unemployed";"nyanza";4;5;1;10;4;4;5
499;NA;NA;NA;NA;NA;NA;3;NA;1;10;3;4;3
500;NA;NA;NA;NA;NA;NA;4;3;1;20;2;3;1
501;43;0;0;1;"Farm owner";"nairobi";3;2;1;100;4;5;4
502;24;1;0;0;"Other/Unemployed";"nyanza";4;2;1;3;1;2;4
503;NA;NA;NA;NA;NA;NA;4;2;1;NA;2;2;2
504;25;0;0;0;"Student";"nyanza";2;2;1;100;1;4;4
505;25;0;0;1;"Non- skilled worker";"Nairobi";2;1;1;3;2;2;1
506;NA;NA;NA;NA;NA;NA;3;1;1;100;2;1;1
507;23;0;0;0;"Student";"riftvalley";2;1;1;5;2;1;1
508;27;0;0;1;"Other/Unemployed";"central";1;NA;1;4;2;2;2
509;25;0;0;1;"Skilled worker";"nyanza";4;2;1;2;1;1;1
510;25;0;0;1;"Other/Unemployed";"western";4;1;1;NA;2;5;4
511;NA;NA;NA;NA;NA;NA;4;1;1;4;2;2;2
512;24;0;0;1;"Student";"nyanza";4;2;1;7;3;1;3
513;25;0;0;1;"Other/Unemployed";"riftvalley";2;2;1;10;4;2;2
514;24;0;0;1;"Farm owner";"riftvalley";3;2;1;5;1;4;3
515;NA;NA;NA;NA;NA;NA;4;4;1;3;1;4;4
516;23;0;0;0;"Farm owner";"western";4;1;1;NA;4;1;5
517;35;1;1;0;"Farm owner";"riftvalley";4;2;1;0,75;5;4;4
518;NA;NA;NA;NA;NA;NA;5;2;1;5;2;2;2
519;47;1;0;1;"Street / Market Seller";"riftvalley";2;2;1;0,9;2;2;2
520;29;1;0;1;"Other/Unemployed";"nairobi";2;2;1;100;1;1;1
521;NA;NA;NA;NA;NA;NA;5;NA;1;5e+05;1;1;1
522;25;0;0;1;"Other/Unemployed";"riftvalley";3;3;1;4;1;5;5
523;47;1;0;1;"Non-skilled worker";"riftvalley";2;2;1;5;4;3;4
524;NA;NA;NA;NA;NA;NA;4;5;1;NA;3;4;4
525;NA;NA;NA;NA;NA;NA;4;3;1;50;2;2;2
526;27;0;0;0;"Other/Unemployed";"Nairobi";4;NA;1;3;3;4;4
527;NA;NA;NA;NA;NA;NA;3;1;1;3;1;2;1
528;26;0;0;1;"-";"riftvalley";3;3;1;10;2;1;1
529;NA;NA;NA;NA;NA;NA;4;1;1;1;3;1;1
530;NA;NA;NA;NA;NA;NA;4;1;1;6;1;1;5
531;NA;NA;NA;NA;NA;NA;4;2;1;0,38;4;1;1
532;NA;NA;NA;NA;NA;NA;2;1;1;NA;2;4;5
533;21;1;0;1;"Other/Unemployed";"Nairobi";4;3;1;0,05;2;4;2
534;NA;NA;NA;NA;NA;NA;4;3;1;2;1;2;1
535;NA;NA;NA;NA;NA;NA;4;2;1;0,3;4;2;2
536;25;0;0;1;"Other/Unemployed";"eastern";3;1;1;NA;4;4;4
537;26;0;0;1;"Farm owner";"nyanza";4;1;1;1;4;5;4
538;NA;NA;NA;NA;NA;NA;2;NA;1;NA;1;5;5
539;27;0;0;1;"Skilled worker";"riftvalley";3;5;1;0,7;3;1;1
540;NA;NA;NA;NA;NA;NA;4;2;1;0,8;4;3;3
541;23;1;0;1;"Other/Unemployed";"nyanza";4;1;1;100;2;2;5
542;27;1;0;0;"-";"nyanza";4;1;1;NA;5;4;4
543;37;0;0;1;"Street / Market Seller";"western";4;2;1;3;4;4;4
544;25;0;0;0;"Student";"central";2;2;1;2;4;1;4
545;NA;NA;NA;NA;NA;NA;4;2;1;0,02;1;4;4
546;31;1;0;0;"Other/Unemployed";"Nairobi";3;3;1;3;4;4;4
547;30;0;0;1;"Other/Unemployed";"nairobi";2;1;1;NA;1;1;2
548;24;1;0;1;"Other/Unemployed";"eastern";4;3;1;5;1;2;2
549;NA;NA;NA;NA;NA;NA;4;5;1;10;2;3;3
550;NA;NA;NA;NA;NA;NA;4;1;1;0,8;1;1;1
551;NA;NA;NA;NA;NA;NA;4;3;1;10;4;4;2
552;NA;NA;NA;NA;NA;NA;4;1;1;1000;3;2;2
553;25;1;0;0;"Student";"eastern";2;2;1;10;4;1;3
554;27;1;0;0;"Student";"eastern";4;2;1;4;4;1;1
555;23;1;0;1;"Student";"nyanza";3;4;1;4;1;2;2
556;35;0;0;1;"Other/Unemployed";"nyanza";3;2;1;5;1;1;2
557;23;1;0;0;"Student";"western";4;3;1;100;5;5;5
558;NA;NA;NA;NA;NA;NA;2;2;1;10;4;2;4
559;NA;NA;NA;NA;NA;NA;2;NA;1;100;2;2;2
560;26;1;0;1;"Student";"nairobi";NA;NA;1;NA;4;5;5
561;24;0;0;1;"Skilled worker";"western";2;1;1;0;5;2;2
562;25;0;0;1;"Student";"central";2;3;1;4;3;5;5
563;26;0;0;0;"Student";"nyanza";3;3;1;6,5;4;3;3
564;31;0;0;1;"Skilled worker";"riftvalley";4;2;1;10;1;1;1
565;31;0;0;1;"Skilled worker";"riftvalley";2;4;1;1;1;5;5
566;23;1;0;1;"Student";"riftvalley";4;3;1;0,05;2;4;4
567;27;1;0;0;"-";"nairobi";4;2;1;10;1;4;4
568;NA;NA;NA;NA;NA;NA;4;2;1;1;1;1;1
569;26;0;1;0;"Non- skilled worker";"central";5;2;1;0,35;2;4;2
570;NA;NA;NA;NA;NA;NA;2;4;1;0,25;3;4;4
571;NA;NA;NA;NA;NA;NA;2;2;1;NA;5;2;2
572;23;1;0;1;"Student";"coast";4;2;1;5;2;3;1
573;26;0;0;1;"Student";"central";2;1;1;4;4;1;1
574;28;0;1;0;"Other/Unemployed";"coast";2;2;1;6;1;5;4
575;24;0;0;1;"Student";"nyanza";4;1;1;20000;5;2;2
576;27;1;0;1;"Other/Unemployed";"western";2;2;1;5;1;2;2
577;26;0;0;1;"Other/Unemployed";"western";4;4;1;NA;4;2;3
578;29;1;0;1;"Own Business";"riftvalley";4;2;1;10;1;4;4
579;25;0;0;1;"Student";"nairobi";4;1;1;0,3;4;4;4
580;43;0;0;1;"-";"nyanza";2;3;1;20;5;2;2
581;NA;NA;NA;NA;NA;NA;4;2;1;4;4;1;4
582;23;1;0;0;"Student";"riftvalley";4;2;1;3;4;4;4
583;29;0;0;1;"Other/Unemployed";"central";2;3;1;4;1;3;3
584;27;1;0;1;"-";"riftvalley";2;1;1;4;4;4;5
585;25;1;1;0;"-";"riftvalley";2;2;1;20;1;2;2
586;NA;NA;NA;NA;NA;NA;1;1;1;NA;2;5;1
587;NA;NA;NA;NA;NA;NA;4;1;1;0,8;5;2;2
588;NA;NA;NA;NA;NA;NA;4;4;1;100;2;2;1
589;39;0;0;0;"Farm owner";"riftvalley";4;2;1;1;4;5;5
590;27;0;0;1;"Student";"riftvalley";4;1;1;2;1;4;4
591;35;0;0;1;"Skilled worker";"riftvalley";1;2;1;5;4;3;3
592;21;1;0;0;"Student";"eastern";4;1;1;0,5;2;2;2
593;25;0;0;0;"Student";"riftvalley";4;2;1;4;2;5;5
594;28;0;0;1;"Other/Unemployed";"nyanza";4;2;1;2;1;4;4
595;30;0;0;1;"Own Business";"riftvalley";4;1;1;NA;1;4;4
596;NA;NA;NA;NA;NA;NA;4;1;1;3;4;1;2
597;23;0;0;1;"Student";"nyanza";4;3;1;10;1;4;4
598;27;0;0;1;"Non-skilled worker";"nairobi";1;1;1;0,6;1;4;4
599;29;1;0;0;"Student";"nairobi";4;5;1;3;4;4;4
600;NA;NA;NA;NA;NA;NA;4;3;1;100;2;2;2
601;NA;NA;NA;NA;NA;NA;4;2;1;3;1;1;1
602;NA;NA;NA;NA;NA;NA;4;3;1;8;2;4;4
603;31;1;0;1;"Other/Unemployed";"riftvalley";4;3;1;80;5;5;5
604;NA;NA;NA;NA;NA;NA;3;3;1;1;4;4;2
605;NA;NA;NA;NA;NA;NA;4;2;1;5;1;1;1
606;27;0;0;1;"Street / Market Seller";"nyanza";4;2;1;4;1;4;2
607;28;0;0;0;"Farm owner";"riftvalley";5;2;1;3;4;5;5
608;28;0;0;1;"Other/Unemployed";"riftvalley";2;1;1;1e+06;3;5;4
609;NA;NA;NA;NA;NA;NA;4;1;1;0,7;2;4;5
610;25;1;0;0;"Other/Unemployed";"Nairobi";4;1;1;10;2;1;1
611;26;0;0;1;"Other/Unemployed";"riftvalley";4;3;1;3;3;1;1
612;27;0;0;1;"Student";"western";4;NA;1;5;3;3;3
613;23;1;0;0;"Student";"central";4;2;1;20;2;1;5
614;NA;NA;NA;NA;NA;NA;2;NA;1;5;4;4;4
615;27;1;0;1;"Other/Unemployed";"central";4;1;1;8;2;4;4
616;NA;NA;NA;NA;NA;NA;4;3;1;2;4;4;4
617;25;1;0;1;"Student";"riftvalley";4;3;1;0,6;2;2;2
618;26;0;0;1;"Student";"central";2;3;1;10;1;1;1
619;NA;NA;NA;NA;NA;NA;2;2;1;5;4;2;2
620;NA;NA;NA;NA;NA;NA;2;1;1;0,95;4;1;2
621;24;1;0;1;"Student";"central";4;3;1;3;3;1;1
622;NA;NA;NA;NA;NA;NA;1;1;1;8;1;4;4
623;26;1;0;1;"Other/Unemployed";"riftvalley";4;1;1;2;4;2;2
624;NA;NA;NA;NA;NA;NA;5;2;1;4;3;1;1
625;28;0;0;1;"Student";"nyanza";4;1;1;0,8;4;4;4
626;NA;NA;NA;NA;NA;NA;4;2;1;3;4;1;4
627;31;0;0;1;"Student";"eastern";4;2;1;5;1;2;4
628;NA;NA;NA;NA;NA;NA;3;5;1;9;4;4;1
629;29;NA;0;1;"Skilled worker";"central";4;1;1;NA;1;1;4
630;24;0;0;1;"Student";"riftvalley";4;1;1;10;4;5;5
631;28;1;0;1;"-";"riftvalley";2;3;1;2;5;1;1
632;NA;NA;NA;NA;NA;NA;4;2;1;5;4;4;5
633;NA;NA;NA;NA;NA;NA;2;1;1;5;1;1;1
634;NA;NA;NA;NA;NA;NA;4;2;1;5;1;1;1
635;21;1;0;1;"Student";"nyanza";4;1;1;10;2;3;1
636;26;0;0;0;"Student";"riftvalley";1;1;1;NA;1;4;2
637;25;NA;0;1;"Non- skilled worker";"Nairobi";4;3;1;4;2;5;5
638;NA;NA;NA;NA;NA;NA;1;2;1;10;1;5;2
639;25;1;0;1;"Student";"Nairobi";2;2;1;3;1;3;2
640;33;1;0;1;"Other/Unemployed";"central";4;2;1;NA;1;5;4
641;36;0;0;1;"Skilled worker";"riftvalley";4;2;1;10;1;2;2
642;NA;NA;NA;NA;NA;NA;4;3;1;NA;4;2;4
643;25;NA;0;1;"Non- skilled worker";"central";4;3;1;50000;2;1;1
644;NA;NA;NA;NA;NA;NA;4;1;1;1;5;1;1
645;NA;NA;NA;NA;NA;NA;4;3;1;4;2;4;4
646;NA;NA;NA;NA;NA;NA;4;2;1;100;4;1;1
647;NA;NA;NA;NA;NA;NA;4;2;1;0,75;4;1;1
648;NA;NA;NA;NA;NA;NA;4;4;1;5;2;2;2
649;24;0;0;1;"Student";"riftvalley";4;2;1;10;3;4;5
650;NA;NA;NA;NA;NA;NA;4;1;1;10;2;5;5
651;43;0;0;1;"Skilled worker";"eastern";4;1;1;0,78;4;4;4
652;24;1;0;1;"Student";"eastern";4;2;1;20;4;5;4
653;30;1;0;1;"Street or Market Seller";"nairobi";4;2;1;8;4;5;4
654;21;0;0;1;"Student";"nyanza";4;2;1;1,3;2;1;1
655;25;1;0;1;"Student";"nyanza";2;4;1;10;2;1;1
656;22;0;0;1;"Own my own company";"riftvalley";2;4;1;20;4;2;2
657;30;0;0;1;"-";"eastern";4;2;1;5;4;4;3
658;25;0;0;1;"Student";"nairobi";4;4;1;10;2;3;4
659;24;0;0;0;"Student";"Rift-valley";4;1;1;100;4;1;1
660;NA;NA;NA;NA;NA;NA;4;1;1;10;4;4;4
661;23;0;1;0;"Student";"Western";2;3;1;0,7;4;2;2
662;30;1;0;1;"Other/Unemployed";"Coast";4;2;1;4;4;4;4
663;25;0;0;1;"Other/Unemployed";"Rift-valley";4;2;1;50;2;5;5
664;NA;NA;NA;NA;NA;NA;3;2;1;0,3;3;4;1
665;26;1;1;0;"Other/Unemployed";"-";4;3;1;7;1;1;1
666;27;0;0;0;"Student";"Rift-valley";4;NA;1;0,8;3;4;4
667;26;1;0;1;"Student";"Rift-valley";4;2;1;5;4;4;4
668;26;1;0;1;"Other/Unemployed";"Nyanza";4;1;1;1;3;4;4
669;27;0;0;1;"Student";"Nyanza";4;1;1;50;4;4;4
670;26;1;0;1;"Student";"Rift-valley";5;3;1;120;4;1;1
671;25;1;0;1;"Other/Unemployed";"Nairobi";4;4;1;50;2;2;1
672;NA;NA;NA;NA;NA;NA;4;2;1;0,5;3;2;2
673;27;0;1;0;"Student";"Nyanza";2;3;1;5;1;1;1
674;27;0;1;0;"Student";"-";4;2;1;100;2;2;2
675;34;0;0;1;"-";"Central";2;3;1;3;4;2;2
676;25;1;0;1;"Student";"Nyanza";3;2;1;NA;4;4;4
677;NA;NA;NA;NA;NA;NA;2;1;1;3;2;2;2
678;NA;NA;NA;NA;NA;NA;2;2;1;60;3;4;3
679;NA;NA;NA;NA;NA;NA;4;2;1;10;4;2;2
680;NA;NA;NA;NA;NA;NA;4;3;1;10;4;2;5
681;NA;NA;NA;NA;NA;NA;4;3;1;4;4;3;3
682;36;0;0;1;"Other/Unemployed";"Rift-valley";2;2;1;2;5;5;5
683;22;1;0;1;"Student";"Eastern";2;NA;1;2;3;1;1
684;34;0;0;1;"Skilled worker";"Nyanza";4;2;1;0,78;1;4;4
685;32;0;0;1;"Farm owner";"Eastern";4;4;1;5;2;1;1
686;26;0;0;1;"Skilled worker";"Rift-valley";3;1;1;65;2;1;1
687;23;1;0;0;"Student";"Nairobi";2;2;1;3;5;1;1
688;26;0;0;1;"Farm owner";"Rift-valley";4;1;1;8;5;1;5
689;NA;NA;NA;NA;NA;NA;4;3;1;7;4;4;4
690;NA;NA;NA;NA;NA;NA;4;NA;1;0,65;2;2;5
691;24;0;1;0;"Student";"-";2;3;1;10;1;1;1
692;28;1;0;1;"Other/Unemployed";"Rift-valley";4;2;1;10;5;1;1
693;23;1;0;1;"Student";"Nairobi";4;2;1;3;4;2;4
694;NA;NA;NA;NA;NA;NA;4;2;1;NA;2;5;5
695;24;1;0;1;"Student";"Central";4;3;1;90;2;5;3
696;NA;NA;NA;NA;NA;NA;2;4;1;10;1;1;1
697;26;0;0;1;"Student";"Nairobi";4;4;1;0,7;4;1;1
698;26;1;1;0;"Student";"-";4;3;1;5;3;3;3
699;25;0;0;1;"Student";"Rift-valley";5;1;1;NA;5;1;1
700;34;1;0;1;"Own Business";"Western";5;1;1;3,5;1;1;1
701;25;1;0;1;"Other/Unemployed";"Nairobi";2;4;1;10;2;3;3
702;26;1;0;0;"Student";"Nyanza";4;2;1;6;5;4;4
703;40;0;0;1;"Farm owner";"Rift-valley";2;1;1;100;2;1;4
704;NA;NA;NA;NA;NA;NA;4;4;1;3;2;5;5
705;44;1;0;1;"Other/Unemployed";"Nyanza";4;4;1;NA;1;1;4
706;30;0;0;1;"Other/Unemployed";"Central";4;3;1;10;4;3;3
707;NA;NA;NA;NA;NA;NA;2;1;1;20;1;2;2
708;24;1;0;1;"Street / Market Seller";"Rift-valley";4;1;1;NA;1;1;1
709;35;0;0;1;"Other/Unemployed";"Nyanza";1;2;1;10;2;1;4
710;NA;NA;NA;NA;NA;NA;4;1;1;3;4;1;1
711;28;0;0;1;"Other/Unemployed";"Western";4;2;1;4;1;4;2
712;NA;NA;NA;NA;NA;NA;2;NA;1;10;4;1;1
713;NA;NA;NA;NA;NA;NA;4;3;1;4;5;4;2
714;NA;NA;NA;NA;NA;NA;4;3;1;10;5;3;3
715;NA;NA;NA;NA;NA;NA;2;3;1;3;2;5;5
716;NA;NA;NA;NA;NA;NA;2;5;1;3;1;5;1
717;NA;NA;NA;NA;NA;NA;2;3;1;2;2;1;1
718;NA;NA;NA;NA;NA;NA;4;3;1;5;4;4;4
719;NA;NA;NA;NA;NA;NA;2;2;1;4;2;2;2
720;24;1;0;0;"Student";"nyanza";4;2;0;NA;3;3;3
721;29;1;1;0;"Other/Unemployed";"western";4;2;0;NA;5;4;4
722;24;0;0;0;"Student";"riftvalley";4;1;0;20;4;4;4
723;NA;NA;NA;NA;NA;NA;4;1;0;5;5;1;1
724;24;1;0;0;"Student";"nyanza";4;1;0;0,92;2;4;4
725;32;0;0;1;"Other/Unemployed";"nairobi";4;2;0;10;5;4;4
726;NA;NA;NA;NA;NA;NA;4;3;0;2;4;2;1
727;29;1;0;1;"Other/Unemployed";"nairobi";4;3;0;0,3;4;1;1
728;24;0;0;1;"Student";"riftvalley";4;1;0;3;1;1;1
729;NA;NA;NA;NA;NA;NA;4;1;0;3;4;1;1
730;25;1;0;1;"Student";"riftvalley";4;5;0;NA;2;4;4
731;21;1;0;0;"Student";"Nairobi";4;2;0;9,5;4;4;4
732;24;0;0;1;"Student";"nairobi";4;2;0;8;2;5;2
733;26;0;0;0;"Student";"nairobi";4;3;0;20;2;2;2
734;NA;NA;NA;NA;NA;NA;4;2;0;50;4;4;4
735;NA;NA;NA;NA;NA;NA;2;1;0;5;4;4;2
736;47;1;0;1;"Street / Market Seller";"western";4;2;0;3;3;4;4
737;26;0;0;1;"Student";"nairobi";4;1;0;3;4;4;4
738;22;0;0;1;"Student";"nairobi";1;2;0;10;1;1;1
739;28;0;1;0;"Other/Unemployed";"riftvalley";4;2;0;10;4;4;4
740;NA;NA;NA;NA;NA;NA;4;3;0;20;4;4;4
741;NA;NA;NA;NA;NA;NA;4;3;0;5;1;1;1
742;NA;NA;NA;NA;NA;NA;4;3;0;7;2;2;2
743;NA;NA;NA;NA;NA;NA;4;3;0;0,7;5;1;4
744;NA;NA;NA;NA;NA;NA;2;2;0;10;4;1;1
745;25;0;0;1;"Other/Unemployed";"riftvalley";2;1;0;4;1;1;1
746;NA;NA;NA;NA;NA;NA;3;2;0;1e+05;4;4;4
747;NA;NA;NA;NA;NA;NA;4;2;0;10;3;1;1
748;26;1;0;1;"Student";"nairobi";4;2;0;5;4;1;1
749;35;1;0;1;"Non-skilled worker";"riftvalley";2;1;0;10;2;4;5
750;25;0;1;0;"Other/Unemployed";"eastern";3;2;0;0,3;3;2;2
751;22;1;0;0;"Student";"riftvalley";3;4;0;3;4;4;4
752;26;1;0;1;"Skilled worker";"riftvalley";1;1;0;4;4;1;4
753;33;0;0;1;"Other/Unemployed";"nairobi";2;3;0;100;5;2;2
754;25;1;0;0;"Student";"riftvalley";5;2;0;0,05;4;1;2
755;26;1;0;1;"Student";"eastern";4;2;0;1;4;1;1
756;34;1;0;0;"Student";"western";3;1;0;20;1;2;2
757;NA;NA;NA;NA;NA;NA;2;4;0;NA;1;1;1
758;NA;NA;NA;NA;NA;NA;4;1;0;13;5;5;5
759;NA;NA;NA;NA;NA;NA;4;2;0;0,9;3;2;1
760;NA;NA;NA;NA;NA;NA;4;3;0;10;5;2;2
761;NA;NA;NA;NA;NA;NA;2;1;0;3;2;1;1
762;NA;NA;NA;NA;NA;NA;4;4;0;0,6;1;1;1
763;31;0;0;0;"Other/Unemployed";"nyanza";4;1;0;20;5;5;5
764;NA;NA;NA;NA;NA;NA;2;2;0;100;5;4;4
765;24;1;0;1;"Student";"riftvalley";4;3;0;4;1;3;3
766;NA;NA;NA;NA;NA;NA;4;3;0;8;4;2;2
767;NA;NA;NA;NA;NA;NA;2;2;0;10;4;2;3
768;28;1;0;1;"Student";"western";4;2;0;10;2;1;1
769;23;1;0;1;"Student";"riftvalley";4;2;0;10;5;1;1
770;NA;NA;NA;NA;NA;NA;4;1;0;NA;3;5;5
771;NA;NA;NA;NA;NA;NA;4;3;0;5;4;5;5
772;32;0;0;1;"Other/Unemployed";"eastern";2;1;0;0,9;1;2;2
773;26;1;0;1;"Student";"western";3;NA;0;1;1;1;1
774;NA;NA;NA;NA;NA;NA;4;3;0;10;4;4;4
775;NA;NA;NA;NA;NA;NA;3;1;0;3;1;4;5
776;NA;NA;NA;NA;NA;NA;4;2;0;2;4;2;2
777;NA;NA;NA;NA;NA;NA;4;1;0;0,4;2;1;2
778;42;0;0;1;"Other/Unemployed";"riftvalley";1;3;0;5;2;1;1
779;31;0;0;1;"Non- skilled worker";"nyanza";2;4;0;3;4;5;5
780;26;1;0;1;"Other/Unemployed";"nyanza";4;1;0;10;1;4;4
781;32;0;0;1;"Other/Unemployed";"nyanza";2;1;0;1;2;4;2
782;29;0;0;0;"Other/Unemployed";"nyanza";2;2;0;5;5;5;5
783;28;0;0;1;"Student";"nairobi";2;3;0;200;4;2;2
784;NA;NA;NA;NA;NA;NA;3;2;0;3;2;4;4
785;25;1;0;1;"Student";"central";1;1;0;3;2;1;2
786;NA;NA;NA;NA;NA;NA;4;5;0;NA;4;4;4
787;29;0;0;1;"Other/Unemployed";"nairobi";2;1;0;1e+05;4;4;4
788;25;0;0;1;"Student";"western";4;1;0;NA;4;2;2
789;25;0;0;1;"Skilled worker";"riftvalley";4;3;0;1;1;1;1
790;28;0;1;0;"Street or Market Seller";"riftvalley";3;3;0;6;2;1;1
791;24;0;0;1;"Student";"western";2;2;0;3;2;1;4
792;NA;NA;NA;NA;NA;NA;4;2;0;0,3;4;4;4
793;NA;NA;NA;NA;NA;NA;2;1;0;10;1;1;1
794;NA;NA;NA;NA;NA;NA;4;4;0;4;4;3;4
795;28;1;0;1;"Other/Unemployed";"eastern";3;2;0;0,5;4;2;2
796;NA;NA;NA;NA;NA;NA;5;1;0;NA;4;2;2
797;23;1;0;0;"Student";"riftvalley";4;2;0;90;4;1;3
798;25;1;0;1;"Student";"nyanza";4;3;0;0,6;4;4;1
799;30;0;1;0;"Other/Unemployed";"riftvalley";4;2;0;10;5;2;2
800;NA;NA;NA;NA;NA;NA;3;NA;0;2,5;3;1;1
801;27;0;0;0;"Student";"riftvalley";2;2;0;0,55;1;1;1
802;23;NA;0;1;"Non- skilled worker";"Nairobi";5;3;0;10;5;4;4
803;26;0;0;1;"Student";"western";4;2;0;10;5;5;4
804;28;0;0;1;"Other/Unemployed";"nyanza";2;1;0;4;4;5;4
805;26;1;0;1;"Student";"riftvalley";2;NA;0;NA;2;4;4
806;23;0;0;1;"Student";"riftvalley";1;1;0;0,6;1;1;1
807;26;1;0;1;"Student";"nairobi";2;3;0;2;4;2;2
808;32;0;0;1;"Other/Unemployed";"riftvalley";4;3;0;10;1;4;4
809;24;NA;1;0;"Other/Unemployed";"eastern";2;2;0;NA;3;3;3
810;NA;NA;NA;NA;NA;NA;4;2;0;NA;5;1;5
811;27;1;1;0;"Other/Unemployed";"central";3;2;0;80;3;3;5
812;34;1;0;1;"Own my own company";"nairobi";4;2;0;0,8;1;2;2
813;28;1;1;0;"Other/Unemployed";"nyanza";4;2;0;10;5;1;4
814;31;1;0;1;"Skilled worker";"riftvalley";4;1;0;70;1;3;3
815;29;NA;0;1;"Student";"Coast";4;2;0;50;4;5;5
816;28;1;1;0;"Other/Unemployed";"central";2;2;0;1;4;3;3
817;NA;NA;NA;NA;NA;NA;2;1;0;20;1;5;4
818;27;1;0;1;"Farm owner";"riftvalley";2;2;0;1;2;2;2
819;NA;NA;NA;NA;NA;NA;3;3;0;1;4;4;4
820;24;0;0;1;"Student";"western";4;2;0;5;4;4;4
821;22;1;0;1;"Student";"Coast";4;1;0;5;2;2;2
822;31;1;0;1;"Skilled worker";"Coast";4;1;0;0,1;3;4;4
823;NA;NA;NA;NA;NA;NA;4;1;0;1;5;1;1
824;NA;NA;NA;NA;NA;NA;4;2;0;10;4;4;4
825;28;1;0;1;"Student";"riftvalley";1;3;0;5;5;1;1
826;27;0;0;1;"Other/Unemployed";"riftvalley";4;1;0;30;1;1;2
827;NA;NA;NA;NA;NA;NA;4;2;0;4;2;2;4
828;26;NA;0;1;"Student";"Coast";2;NA;0;0,8;2;4;4
829;23;1;0;1;"Student";"riftvalley";4;2;0;NA;4;5;5
830;NA;NA;NA;NA;NA;NA;1;2;0;2;4;3;3
831;25;0;0;1;"Student";"riftvalley";2;3;0;NA;4;2;2
832;25;0;0;0;"Student";"eastern";4;2;0;0,9;5;2;2
833;24;NA;0;0;"Student";"central";4;3;0;5;1;4;4
834;NA;NA;NA;NA;NA;NA;2;1;0;0,4;4;2;2
835;29;1;0;1;"Student";"riftvalley";4;3;0;0,5;3;1;1
836;28;0;0;1;"Other/Unemployed";"riftvalley";4;3;0;10;4;3;4
837;26;NA;0;1;"Student";"eastern";2;1;0;100;2;2;2
838;32;0;0;0;"Student";"nairobi";NA;2;0;NA;1;1;1
839;28;0;0;1;"Student";"western";4;1;0;3;3;2;2
840;29;0;0;1;"Skilled worker";"nairobi";2;3;0;3;4;2;2
841;NA;NA;NA;NA;NA;NA;4;5;0;5;4;4;4
842;25;0;0;1;"-";"riftvalley";4;1;0;5;1;4;4
843;23;0;0;0;"Student";"riftvalley";4;2;0;5;5;5;4
844;28;1;0;1;"Non-skilled worker";"nairobi";4;3;0;5;2;2;2
845;NA;NA;NA;NA;NA;NA;4;2;0;1;5;4;4
846;22;1;0;1;"Student";"Coast";4;3;0;10;3;3;3
847;NA;NA;NA;NA;NA;NA;4;1;0;0,1;4;2;2
848;24;0;0;1;"Student";"nyanza";2;2;0;3;4;2;2
849;29;0;0;1;"Skilled worker";"riftvalley";1;3;0;5;4;2;4
850;NA;NA;NA;NA;NA;NA;4;2;0;1000;2;2;4
851;NA;NA;NA;NA;NA;NA;4;2;0;5;4;2;2
852;NA;NA;NA;NA;NA;NA;4;2;0;0,7;1;5;1
853;25;0;0;1;"Other/Unemployed";"nyanza";2;2;0;10;5;1;2
854;30;0;0;1;"-";"nairobi";4;3;0;5;1;1;1
855;NA;NA;NA;NA;NA;NA;4;2;0;5;2;3;2
856;NA;NA;NA;NA;NA;NA;4;3;0;2;1;5;2
857;27;1;1;0;"Other/Unemployed";"eastern";4;3;0;3;1;1;1
858;27;NA;0;1;"Other/Unemployed";"eastern";4;5;0;16;4;4;4
859;31;0;0;0;"Farm owner";"western";4;2;0;30;2;1;2
860;25;1;0;1;"Student";"nyanza";4;1;0;100;5;5;5
861;26;0;1;0;"Other/Unemployed";"riftvalley";4;3;0;3;3;4;4
862;28;1;0;1;"Student";"riftvalley";4;2;0;10;1;3;3
863;NA;NA;NA;NA;NA;NA;4;2;0;3;2;2;1
864;27;0;0;1;"Other/Unemployed";"nyanza";2;1;0;6;4;2;2
865;29;NA;0;1;"Other/Unemployed";"Coast";4;2;0;3,5;3;2;2
866;27;NA;1;0;"Student";"nairobi";2;1;0;30;2;4;4
867;NA;NA;NA;NA;NA;NA;4;2;0;NA;4;5;5
868;38;NA;1;0;"Street / Market Seller";"eastern";3;1;0;NA;4;2;1
869;NA;NA;NA;NA;NA;NA;4;1;0;4;1;2;2
870;37;1;0;1;"Other/Unemployed";"nyanza";4;1;0;2;4;4;4
871;NA;NA;NA;NA;NA;NA;4;3;0;10;4;2;3
872;24;0;0;1;"Student";"northeastern";1;2;0;3;2;3;2
873;24;0;0;1;"Student";"western";2;2;0;NA;4;5;4
874;25;0;0;1;"Student";"riftvalley";4;2;0;10;1;1;1
875;NA;NA;NA;NA;NA;NA;4;1;0;4;4;4;4
876;30;1;0;1;"Student";"nairobi";2;2;0;4;4;4;4
877;NA;NA;NA;NA;NA;NA;4;2;0;12;4;5;2
878;24;1;0;1;"Student";"riftvalley";4;2;0;3;1;2;2
879;22;1;0;1;"Student";"riftvalley";5;3;0;3;3;1;1
880;25;0;0;1;"Student";"riftvalley";4;2;0;0,7;4;4;5
881;26;1;0;1;"Student";"coast";5;2;0;0,6;4;2;4
882;27;1;0;1;"Other/Unemployed";"riftvalley";4;1;0;3;2;1;1
883;24;1;0;1;"Student";"western";4;2;0;3;4;2;1
884;NA;NA;NA;NA;NA;NA;4;1;0;2;1;1;1
885;29;0;0;1;"Other/Unemployed";"riftvalley";4;1;0;150;1;4;5
886;NA;NA;NA;NA;NA;NA;2;3;0;100;2;2;2
887;NA;NA;NA;NA;NA;NA;4;1;0;NA;3;4;4
888;NA;NA;NA;NA;NA;NA;4;2;0;10;3;4;5
889;26;1;0;1;"Other/Unemployed";"nairobi";4;1;0;3;1;1;1
890;27;1;0;1;"Skilled worker";"riftvalley";4;1;0;2;2;4;4
891;22;1;0;1;"Student";"riftvalley";4;3;0;20;1;3;2
892;28;0;0;1;"Student";"riftvalley";2;2;0;5;5;4;5
893;30;NA;0;1;"Skilled worker";"coast";1;1;0;100;1;1;1
894;24;1;0;1;"Student";"central";4;3;0;3;4;1;1
895;NA;NA;NA;NA;NA;NA;1;1;0;NA;3;3;2
896;NA;NA;NA;NA;NA;NA;4;3;0;1;2;4;4
897;23;0;1;0;"Student";"western";4;1;0;10;5;1;1
898;NA;NA;NA;NA;NA;NA;4;1;0;5;3;3;3
899;27;NA;0;1;"Other/Unemployed";"central";4;2;0;0,3;2;1;2
900;28;0;0;1;"Other/Unemployed";"riftvalley";4;2;0;0,5;4;1;1
901;NA;NA;NA;NA;NA;NA;4;5;0;10;4;2;2
902;NA;NA;NA;NA;NA;NA;4;1;0;NA;4;5;5
903;24;0;0;1;"Student";"riftvalley";4;2;0;0,6;2;5;5
904;28;NA;0;1;"Non-skilled worker";"eastern";3;2;0;7;5;4;4
905;23;0;0;1;"Student";"riftvalley";4;2;0;10;4;4;4
906;26;0;0;1;"Student";"western";4;2;0;3;5;5;5
907;26;1;1;0;"Own Business";"coast";4;NA;0;10;1;3;3
908;NA;NA;NA;NA;NA;NA;4;2;0;9;3;4;3
909;NA;NA;NA;NA;NA;NA;4;2;0;30;2;2;2
910;25;NA;0;1;"Student";"nyanza";4;2;0;3;4;1;1
911;NA;NA;NA;NA;NA;NA;4;1;0;0,5;4;2;5
912;NA;NA;NA;NA;NA;NA;4;3;0;3;4;1;1
913;NA;NA;NA;NA;NA;NA;4;3;0;NA;2;2;2
914;24;1;0;1;"Other/Unemployed";"Nyanza";2;2;0;5;5;2;2
915;NA;NA;NA;NA;NA;NA;2;3;0;10;4;4;4
916;25;0;0;1;"Student";"Nyanza";4;2;0;7;1;2;2
917;NA;NA;NA;NA;NA;NA;4;2;0;2;4;4;4
918;24;0;0;1;"-";"Nyanza";4;2;0;1;4;4;4
919;NA;NA;NA;NA;NA;NA;3;2;0;1000;5;5;5
920;NA;NA;NA;NA;NA;NA;2;3;0;50;2;4;4
921;NA;NA;NA;NA;NA;NA;2;2;0;NA;4;4;4
922;NA;NA;NA;NA;NA;NA;2;2;0;10;2;1;2
923;26;1;0;1;"Student";"Rift-valley";4;1;0;0,4;4;5;1
924;27;0;0;1;"Student";"-";4;3;0;20;1;1;1
925;NA;NA;NA;NA;NA;NA;4;2;0;10;2;4;4
926;NA;NA;NA;NA;NA;NA;4;3;0;NA;3;1;1
927;30;1;1;0;"Other/Unemployed";"Central";4;3;0;20;4;2;2
928;24;0;0;1;"Student";"Eastern";4;2;0;3;4;2;2
929;30;0;0;1;"Student";"Rift-valley";4;2;0;5;2;1;1
930;27;0;0;1;"Student";"Western";2;1;0;5;5;4;4
931;39;1;0;1;"Street / Market Seller";"Nairobi";4;2;0;10;4;2;2
932;24;1;0;0;"Student";"Rift-valley";4;2;0;NA;4;4;4
933;30;1;0;1;"Other/Unemployed";"Eastern";4;NA;0;NA;4;2;2
934;NA;NA;NA;NA;NA;NA;2;3;0;2;2;1;1
935;29;0;0;1;"Other/Unemployed";"Western";4;3;0;0,7;5;1;1
936;NA;NA;NA;NA;NA;NA;4;3;0;0,375;4;2;2
937;30;0;0;1;"Own Business";"Nairobi";4;2;0;4;4;2;2
938;NA;NA;NA;NA;NA;NA;2;3;0;25000;1;1;1
939;NA;NA;NA;NA;NA;NA;4;2;0;2;3;3;3
940;26;0;0;1;"Non-skilled worker";"Nairobi";4;3;0;5;3;3;3
941;53;0;0;1;"Other/Unemployed";"Rift-valley";4;4;0;120;4;5;4
942;27;0;0;1;"Student";"Rift-valley";4;1;0;2;4;3;3
943;27;1;0;1;"Student";"Nyanza";4;2;0;2;4;5;4
944;NA;NA;NA;NA;NA;NA;1;1;0;12;5;5;5
945;NA;NA;NA;NA;NA;NA;4;3;0;3;2;2;1
946;20;0;0;0;"Student";"Nairobi";4;2;0;5;2;2;2
947;30;0;0;1;"Other/Unemployed";"Western";2;1;0;10;4;1;1
